var1,var2,correlation
cnt,cnt,1
cnt,casual,0.6945640779749463
cnt,registered,0.9721507308643074
cnt,temp_celsius,0.4047722757786732
cnt,atemp_celsius,0.4009293041266112
cnt,hum_percent,-0.32291074082455484
cnt,windspeed_real,0.09323378392611992
casual,cnt,0.6945640779749463
casual,casual,1
casual,registered,0.5066177004294616
casual,temp_celsius,0.45961564554485607
casual,atemp_celsius,0.4540800653328866
casual,hum_percent,-0.3470280928399175
casual,windspeed_real,0.09028677509691334
registered,cnt,0.9721507308643074
registered,casual,0.5066177004294616
registered,registered,1
registered,temp_celsius,0.33536084904300717
registered,atemp_celsius,0.33255863540508185
registered,hum_percent,-0.27393311849192603
registered,windspeed_real,0.08232084736312337
temp_celsius,cnt,0.4047722757786732
temp_celsius,casual,0.45961564554485607
temp_celsius,registered,0.33536084904300717
temp_celsius,temp_celsius,1
temp_celsius,atemp_celsius,0.9876721390396399
temp_celsius,hum_percent,-0.06988139105119438
temp_celsius,windspeed_real,-0.02312526248533171
atemp_celsius,cnt,0.4009293041266112
atemp_celsius,casual,0.4540800653328866
atemp_celsius,registered,0.33255863540508185
atemp_celsius,temp_celsius,0.9876721390396399
atemp_celsius,atemp_celsius,1
atemp_celsius,hum_percent,-0.05191769599336313
atemp_celsius,windspeed_real,-0.062336042686948305
hum_percent,cnt,-0.32291074082455484
hum_percent,casual,-0.3470280928399175
hum_percent,registered,-0.27393311849192603
hum_percent,temp_celsius,-0.06988139105119438
hum_percent,atemp_celsius,-0.05191769599336313
hum_percent,hum_percent,1
hum_percent,windspeed_real,-0.29010489506385073
windspeed_real,cnt,0.09323378392611992
windspeed_real,casual,0.09028677509691334
windspeed_real,registered,0.08232084736312337
windspeed_real,temp_celsius,-0.02312526248533171
windspeed_real,atemp_celsius,-0.062336042686948305
windspeed_real,hum_percent,-0.29010489506385073
windspeed_real,windspeed_real,1
